Course_id,Course_name
1,Introduction to Applied Machine Learning
2,Natural Language Processing
3,Data Mining
4,Applied Data Science
5,Statistic
6,Introduction to Object Oriented
7,Python Programming
8,Information Retrieval
9,Blockchain
10,Internet of Things
